{"中国香港":"Asia/Hong_Kong","Hong Kong":"Asia/Hong_Kong","中西区":"Asia/Taipei","Central and Western":"Asia/Hong_Kong","中环":"Asia/Hong_Kong","Central":"Asia/Taipei","国际金融中心":"Asia/Hong_Kong","IFC":"Asia/Hong_Kong","兰桂坊":"Asia/Hong_Kong","Lan Kwai Fong":"Asia/Hong_Kong","苏豪区":"Asia/Hong_Kong","Soho":"Asia/Hong_Kong","中环码头":"Asia/Hong_Kong","Central Pier":"Asia/Hong_Kong","立法会":"Asia/Hong_Kong","Legislative Council":"Asia/Hong_Kong","香港站":"Asia/Hong_Kong","Hong Kong Station":"Asia/Hong_Kong","上环":"Asia/Hong_Kong","Sheung Wan":"Asia/Hong_Kong","文咸街":"Asia/Hong_Kong","Bonham Strand":"Asia/Hong_Kong","德辅道西":"Asia/Hong_Kong","Des Voeux Road West":"Asia/Hong_Kong","金钟":"Asia/Hong_Kong","Admiralty":"Asia/Hong_Kong","添马":"Asia/Hong_Kong","Tamar":"Asia/Hong_Kong","香港公园":"Asia/Hong_Kong","Hong Kong Park":"Asia/Hong_Kong","西营盘":"Asia/Hong_Kong","Sai Ying Pun":"Asia/Hong_Kong","高街":"Asia/Hong_Kong","High Street":"Asia/Hong_Kong","石塘咀":"Asia/Hong_Kong","Sai Wan":"Asia/Hong_Kong","坚尼地城":"Asia/Hong_Kong","Kennedy Town":"Asia/Hong_Kong","半山":"Asia/Hong_Kong","Mid-Levels":"Asia/Hong_Kong","半山区":"Asia/Hong_Kong","山顶":"Asia/Hong_Kong","The Peak":"Asia/Hong_Kong","太平山顶":"Asia/Hong_Kong","Victoria Peak":"Asia/Hong_Kong","东区":"Asia/Taipei","Eastern":"Asia/Hong_Kong","北角":"Asia/Hong_Kong","North Point":"Asia/Hong_Kong","筲箕湾":"Asia/Hong_Kong","Shau Kei Wan":"Asia/Hong_Kong","柴湾":"Asia/Hong_Kong","Chai Wan":"Asia/Hong_Kong","太古城":"Asia/Hong_Kong","Taikoo Shing":"Asia/Hong_Kong","南区":"Asia/Taipei","Southern":"Asia/Hong_Kong","鸭脷洲":"Asia/Hong_Kong","Ap Lei Chau":"Asia/Hong_Kong","深水湾":"Asia/Hong_Kong","Deep Water Bay":"Asia/Hong_Kong","浅水湾":"Asia/Hong_Kong","Repulse Bay":"Asia/Hong_Kong","赤柱":"Asia/Hong_Kong","Stanley":"Asia/Hong_Kong","湾仔区":"Asia/Hong_Kong","Wan Chai":"Asia/Hong_Kong","湾仔":"Asia/Hong_Kong","铜锣湾":"Asia/Hong_Kong","Causeway Bay":"Asia/Hong_Kong","时代广场":"Asia/Hong_Kong","Times Square":"Asia/Hong_Kong","跑马地":"Asia/Hong_Kong","Happy Valley":"Asia/Hong_Kong","九龙城区":"Asia/Hong_Kong","Kowloon City":"Asia/Hong_Kong","九龙城":"Asia/Hong_Kong","何文田":"Asia/Hong_Kong","Ho Man Tin":"Asia/Hong_Kong","土瓜湾":"Asia/Hong_Kong","To Kwa Wan":"Asia/Hong_Kong","红磡":"Asia/Hong_Kong","Hung Hom":"Asia/Hong_Kong","观塘区":"Asia/Hong_Kong","Kwun Tong":"Asia/Hong_Kong","观塘":"Asia/Hong_Kong","油塘":"Asia/Hong_Kong","Yau Tong":"Asia/Hong_Kong","蓝田":"Asia/Hong_Kong","Lam Tin":"Asia/Hong_Kong","牛头角":"Asia/Hong_Kong","Ngau Tau Kok":"Asia/Hong_Kong","深水埗区":"Asia/Hong_Kong","Sham Shui Po":"Asia/Hong_Kong","深水埗":"Asia/Hong_Kong","长沙湾":"Asia/Hong_Kong","Cheung Sha Wan":"Asia/Hong_Kong","荔枝角":"Asia/Hong_Kong","Lai Chi Kok":"Asia/Hong_Kong","黄大仙区":"Asia/Hong_Kong","Wong Tai Sin":"Asia/Hong_Kong","黄大仙":"Asia/Hong_Kong","钻石山":"Asia/Hong_Kong","Diamond Hill":"Asia/Hong_Kong","牛池湾":"Asia/Hong_Kong","Ngau Chi Wan":"Asia/Hong_Kong","油尖旺区":"Asia/Hong_Kong","Yau Tsim Mong":"Asia/Hong_Kong","尖沙咀":"Asia/Hong_Kong","Tsim Sha Tsui":"Asia/Hong_Kong","钟楼":"Asia/Hong_Kong","Clock Tower":"Asia/Hong_Kong","海港城":"Asia/Hong_Kong","Harbour City":"Asia/Hong_Kong","星光大道":"Asia/Hong_Kong","Avenue of Stars":"Asia/Hong_Kong","油麻地":"Asia/Hong_Kong","Yau Ma Tei":"Asia/Hong_Kong","旺角":"Asia/Hong_Kong","Mong Kok":"Asia/Hong_Kong","朗豪坊":"Asia/Hong_Kong","Langham Place":"Asia/Hong_Kong","女人街":"Asia/Hong_Kong","Ladies' Market":"Asia/Hong_Kong","离岛区":"Asia/Hong_Kong","Islands":"Asia/Hong_Kong","大屿山":"Asia/Hong_Kong","Lantau Island":"Asia/Hong_Kong","长洲":"Asia/Hong_Kong","Cheung Chau":"Asia/Hong_Kong","南丫岛":"Asia/Hong_Kong","Lamma Island":"Asia/Hong_Kong","葵青区":"Asia/Hong_Kong","Kwai Tsing":"Asia/Hong_Kong","葵涌":"Asia/Hong_Kong","Kwai Chung":"Asia/Hong_Kong","青衣":"Asia/Hong_Kong","Tsing Yi":"Asia/Hong_Kong","北区":"Asia/Taipei","North":"Asia/Taipei","上水":"Asia/Hong_Kong","Sheung Shui":"Asia/Hong_Kong","粉岭":"Asia/Hong_Kong","Fanling":"Asia/Hong_Kong","西贡区":"Asia/Hong_Kong","Sai Kung":"Asia/Hong_Kong","西贡":"Asia/Hong_Kong","将军澳":"Asia/Hong_Kong","Tseung Kwan O":"Asia/Hong_Kong","沙田区":"Asia/Hong_Kong","Sha Tin":"Asia/Hong_Kong","沙田":"Asia/Hong_Kong","马鞍山":"Asia/Hong_Kong","Ma On Shan":"Asia/Hong_Kong","大围":"Asia/Hong_Kong","Tai Wai":"Asia/Hong_Kong","屯门区":"Asia/Hong_Kong","Tuen Mun":"Asia/Hong_Kong","屯门":"Asia/Hong_Kong","大埔区":"Asia/Hong_Kong","Tai Po":"Asia/Hong_Kong","大埔":"Asia/Hong_Kong","大美督":"Asia/Hong_Kong","Tai Mei Tuk":"Asia/Hong_Kong","荃湾区":"Asia/Hong_Kong","Tsuen Wan":"Asia/Hong_Kong","荃湾":"Asia/Hong_Kong","元朗区":"Asia/Hong_Kong","Yuen Long":"Asia/Hong_Kong","元朗":"Asia/Hong_Kong","天水围":"Asia/Hong_Kong","Tin Shui Wai":"Asia/Hong_Kong","中国澳门":"Asia/Macau","Macao":"Asia/Macau","花地玛堂区":"Asia/Macau","Nossa Senhora de Fátima":"Asia/Macau","花地玛堂":"Asia/Macau","Fátima":"Asia/Macau","花王堂区":"Asia/Macau","Santo António":"Asia/Macau","花王堂":"Asia/Macau","大堂区":"Asia/Macau","Sé":"Asia/Macau","大堂":"Asia/Macau","望德堂区":"Asia/Macau","São Lázaro":"Asia/Macau","望德堂":"Asia/Macau","风顺堂区":"Asia/Macau","São Lourenço":"Asia/Macau","风顺堂":"Asia/Macau","氹仔":"Asia/Macau","Taipa":"Asia/Macau","威尼斯人":"Asia/Macau","Venetian":"Asia/Macau","路环":"Asia/Macau","Coloane":"Asia/Macau","路氹城":"Asia/Macau","Cotai":"Asia/Macau","Venetian Macao":"Asia/Macau","中国台湾":"Asia/Taipei","Taiwan":"Asia/Taipei","台北市":"Asia/Taipei","Taipei City":"Asia/Taipei","中正区":"Asia/Taipei","Zhongzheng":"Asia/Taipei","中正区中心":"Asia/Taipei","Zhongzheng Center":"Asia/Taipei","台北车站":"Asia/Taipei","Taipei Station":"Asia/Taipei","总统府":"Asia/Taipei","Presidential Office":"Asia/Taipei","大同区":"Asia/Taipei","Datong":"Asia/Taipei","大同区中心":"Asia/Taipei","Datong Center":"Asia/Taipei","中山区":"Asia/Taipei","Zhongshan":"Asia/Taipei","中山区中心":"Asia/Taipei","Zhongshan Center":"Asia/Taipei","松山区":"Asia/Taipei","Songshan":"Asia/Taipei","松山区中心":"Asia/Taipei","Songshan Center":"Asia/Taipei","大安区":"Asia/Taipei","Da'an":"Asia/Taipei","大安区中心":"Asia/Taipei","Da'an Center":"Asia/Taipei","万华区":"Asia/Taipei","Wanhua":"Asia/Taipei","万华区中心":"Asia/Taipei","Wanhua Center":"Asia/Taipei","信义区":"Asia/Taipei","Xinyi":"Asia/Taipei","信义区中心":"Asia/Taipei","Xinyi Center":"Asia/Taipei","台北101":"Asia/Taipei","Taipei 101":"Asia/Taipei","信义商圈":"Asia/Taipei","Xinyi Shopping District":"Asia/Taipei","士林区":"Asia/Taipei","Shilin":"Asia/Taipei","士林区中心":"Asia/Taipei","Shilin Center":"Asia/Taipei","北投区":"Asia/Taipei","Beitou":"Asia/Taipei","北投区中心":"Asia/Taipei","Beitou Center":"Asia/Taipei","内湖区":"Asia/Taipei","Neihu":"Asia/Taipei","内湖区中心":"Asia/Taipei","Neihu Center":"Asia/Taipei","南港区":"Asia/Taipei","Nangang":"Asia/Taipei","南港区中心":"Asia/Taipei","Nangang Center":"Asia/Taipei","文山区":"Asia/Taipei","Wenshan":"Asia/Taipei","文山区中心":"Asia/Taipei","Wenshan Center":"Asia/Taipei","新北市":"Asia/Taipei","New Taipei City":"Asia/Taipei","板桥区":"Asia/Taipei","Banqiao":"Asia/Taipei","板桥区中心":"Asia/Taipei","Banqiao Center":"Asia/Taipei","新店区":"Asia/Taipei","Xindian":"Asia/Taipei","新店区中心":"Asia/Taipei","Xindian Center":"Asia/Taipei","中和区":"Asia/Taipei","Zhonghe":"Asia/Taipei","中和区中心":"Asia/Taipei","Zhonghe Center":"Asia/Taipei","永和区":"Asia/Taipei","Yonghe":"Asia/Taipei","永和区中心":"Asia/Taipei","Yonghe Center":"Asia/Taipei","土城区":"Asia/Taipei","Tucheng":"Asia/Taipei","土城区中心":"Asia/Taipei","Tucheng Center":"Asia/Taipei","三重区":"Asia/Taipei","Sanchong":"Asia/Taipei","三重区中心":"Asia/Taipei","Sanchong Center":"Asia/Taipei","芦洲区":"Asia/Taipei","Luzhou":"Asia/Taipei","芦洲区中心":"Asia/Taipei","Luzhou Center":"Asia/Taipei","五股区":"Asia/Taipei","Wugu":"Asia/Taipei","五股区中心":"Asia/Taipei","Wugu Center":"Asia/Taipei","新庄区":"Asia/Taipei","Xinzhuang":"Asia/Taipei","新庄区中心":"Asia/Taipei","Xinzhuang Center":"Asia/Taipei","泰山区":"Asia/Taipei","Taishan":"Asia/Taipei","泰山区中心":"Asia/Taipei","Taishan Center":"Asia/Taipei","林口区":"Asia/Taipei","Linkou":"Asia/Taipei","林口区中心":"Asia/Taipei","Linkou Center":"Asia/Taipei","淡水区":"Asia/Taipei","Tamsui":"Asia/Taipei","淡水区中心":"Asia/Taipei","Tamsui Center":"Asia/Taipei","桃园市":"Asia/Taipei","Taoyuan City":"Asia/Taipei","桃园区":"Asia/Taipei","Taoyuan":"Asia/Taipei","桃园区中心":"Asia/Taipei","Taoyuan Center":"Asia/Taipei","中坜区":"Asia/Taipei","Zhongli":"Asia/Taipei","中坜区中心":"Asia/Taipei","Zhongli Center":"Asia/Taipei","平镇区":"Asia/Taipei","Pingzhen":"Asia/Taipei","平镇区中心":"Asia/Taipei","Pingzhen Center":"Asia/Taipei","八德区":"Asia/Taipei","Bade":"Asia/Taipei","八德区中心":"Asia/Taipei","Bade Center":"Asia/Taipei","杨梅区":"Asia/Taipei","Yangmei":"Asia/Taipei","杨梅区中心":"Asia/Taipei","Yangmei Center":"Asia/Taipei","芦竹区":"Asia/Taipei","Luzhu":"Asia/Taipei","芦竹区中心":"Asia/Taipei","Luzhu Center":"Asia/Taipei","龟山区":"Asia/Taipei","Guishan":"Asia/Taipei","龟山区中心":"Asia/Taipei","Guishan Center":"Asia/Taipei","大园区":"Asia/Taipei","Dayuan":"Asia/Taipei","大园区中心":"Asia/Taipei","Dayuan Center":"Asia/Taipei","台中市":"Asia/Taipei","Taichung City":"Asia/Taipei","中区":"Asia/Singapore","中区中心":"Asia/Taipei","Central Center":"Asia/Taipei","East":"Asia/Taipei","东区中心":"Asia/Taipei","East Center":"Asia/Taipei","South":"Asia/Taipei","南区中心":"Asia/Taipei","South Center":"Asia/Taipei","西区":"Asia/Taipei","West":"Asia/Taipei","西区中心":"Asia/Taipei","West Center":"Asia/Taipei","北区中心":"Asia/Taipei","North Center":"Asia/Taipei","北屯区":"Asia/Taipei","Beitun":"Asia/Taipei","北屯区中心":"Asia/Taipei","Beitun Center":"Asia/Taipei","西屯区":"Asia/Taipei","Xitun":"Asia/Taipei","西屯区中心":"Asia/Taipei","Xitun Center":"Asia/Taipei","南屯区":"Asia/Taipei","Nantun":"Asia/Taipei","南屯区中心":"Asia/Taipei","Nantun Center":"Asia/Taipei","太平区":"Asia/Taipei","Taiping":"Asia/Kuala_Lumpur","太平区中心":"Asia/Taipei","Taiping Center":"Asia/Taipei","大里区":"Asia/Taipei","Dali":"Asia/Taipei","大里区中心":"Asia/Taipei","Dali Center":"Asia/Taipei","雾峰区":"Asia/Taipei","Wufeng":"Asia/Taipei","雾峰区中心":"Asia/Taipei","Wufeng Center":"Asia/Taipei","丰原区":"Asia/Taipei","Fengyuan":"Asia/Taipei","丰原区中心":"Asia/Taipei","Fengyuan Center":"Asia/Taipei","台南市":"Asia/Taipei","Tainan City":"Asia/Taipei","Central West":"Asia/Taipei","中西区中心":"Asia/Taipei","Central West Center":"Asia/Taipei","安平区":"Asia/Taipei","Anping":"Asia/Taipei","安平区中心":"Asia/Taipei","Anping Center":"Asia/Taipei","安南区":"Asia/Taipei","Annan":"Asia/Taipei","安南区中心":"Asia/Taipei","Annan Center":"Asia/Taipei","永康区":"Asia/Taipei","Yongkang":"Asia/Taipei","永康区中心":"Asia/Taipei","Yongkang Center":"Asia/Taipei","新化区":"Asia/Taipei","Xinhua":"Asia/Taipei","新化区中心":"Asia/Taipei","Xinhua Center":"Asia/Taipei","左镇区":"Asia/Taipei","Zuozhen":"Asia/Taipei","左镇区中心":"Asia/Taipei","Zuozhen Center":"Asia/Taipei","高雄市":"Asia/Taipei","Kaohsiung City":"Asia/Taipei","新兴区":"Asia/Taipei","Xinxing":"Asia/Taipei","新兴区中心":"Asia/Taipei","Xinxing Center":"Asia/Taipei","前金区":"Asia/Taipei","Qianjin":"Asia/Taipei","前金区中心":"Asia/Taipei","Qianjin Center":"Asia/Taipei","苓雅区":"Asia/Taipei","Lingya":"Asia/Taipei","苓雅区中心":"Asia/Taipei","Lingya Center":"Asia/Taipei","三民区":"Asia/Taipei","Sanmin":"Asia/Taipei","三民区中心":"Asia/Taipei","Sanmin Center":"Asia/Taipei","左营区":"Asia/Taipei","Zuoying":"Asia/Taipei","左营区中心":"Asia/Taipei","Zuoying Center":"Asia/Taipei","鼓山区":"Asia/Taipei","Gushan":"Asia/Taipei","鼓山区中心":"Asia/Taipei","Gushan Center":"Asia/Taipei","楠梓区":"Asia/Taipei","Nanzi":"Asia/Taipei","楠梓区中心":"Asia/Taipei","Nanzi Center":"Asia/Taipei","前镇区":"Asia/Taipei","Qianzhen":"Asia/Taipei","前镇区中心":"Asia/Taipei","Qianzhen Center":"Asia/Taipei","小港区":"Asia/Taipei","Xiaogang":"Asia/Taipei","小港区中心":"Asia/Taipei","Xiaogang Center":"Asia/Taipei","凤山区":"Asia/Taipei","Fengshan":"Asia/Taipei","凤山区中心":"Asia/Taipei","Fengshan Center":"Asia/Taipei","基隆市":"Asia/Taipei","Keelung City":"Asia/Taipei","仁爱区":"Asia/Taipei","Ren'ai":"Asia/Taipei","仁爱区中心":"Asia/Taipei","Ren'ai Center":"Asia/Taipei","新竹市":"Asia/Taipei","Hsinchu City":"Asia/Taipei","香山区":"Asia/Taipei","Xiangshan":"Asia/Taipei","香山区中心":"Asia/Taipei","Xiangshan Center":"Asia/Taipei","新竹县":"Asia/Taipei","Hsinchu County":"Asia/Taipei","竹北市":"Asia/Taipei","Zhubei":"Asia/Taipei","竹北市中心":"Asia/Taipei","Zhubei Center":"Asia/Taipei","新丰乡":"Asia/Taipei","Xinfeng":"Asia/Taipei","新丰乡中心":"Asia/Taipei","Xinfeng Center":"Asia/Taipei","湖口乡":"Asia/Taipei","Hukou":"Asia/Taipei","苗栗县":"Asia/Taipei","Miaoli County":"Asia/Taipei","苗栗市":"Asia/Taipei","Miaoli":"Asia/Taipei","苗栗市中心":"Asia/Taipei","Miaoli Center":"Asia/Taipei","头份市":"Asia/Taipei","Toufen":"Asia/Taipei","头份市中心":"Asia/Taipei","Toufen Center":"Asia/Taipei","竹南镇":"Asia/Taipei","Zhunan":"Asia/Taipei","竹南镇中心":"Asia/Taipei","Zhunan Center":"Asia/Taipei","彰化县":"Asia/Taipei","Changhua County":"Asia/Taipei","彰化市":"Asia/Taipei","Changhua":"Asia/Taipei","彰化市中心":"Asia/Taipei","Changhua Center":"Asia/Taipei","员林市":"Asia/Taipei","Yuanlin":"Asia/Taipei","员林市中心":"Asia/Taipei","Yuanlin Center":"Asia/Taipei","鹿港镇":"Asia/Taipei","Lukang":"Asia/Taipei","鹿港镇中心":"Asia/Taipei","Lukang Center":"Asia/Taipei","南投县":"Asia/Taipei","Nantou County":"Asia/Taipei","南投市":"Asia/Taipei","Nantou":"Asia/Taipei","南投市中心":"Asia/Taipei","Nantou Center":"Asia/Taipei","埔里镇":"Asia/Taipei","Puli":"Asia/Taipei","埔里镇中心":"Asia/Taipei","Puli Center":"Asia/Taipei","草屯镇":"Asia/Taipei","Caotun":"Asia/Taipei","草屯镇中心":"Asia/Taipei","Caotun Center":"Asia/Taipei","云林县":"Asia/Taipei","Yunlin County":"Asia/Taipei","斗六市":"Asia/Taipei","Douliu":"Asia/Taipei","斗六市中心":"Asia/Taipei","Douliu Center":"Asia/Taipei","北港镇":"Asia/Taipei","Beigang":"Asia/Taipei","北港镇中心":"Asia/Taipei","Beigang Center":"Asia/Taipei","虎尾镇":"Asia/Taipei","Huwei":"Asia/Taipei","虎尾镇中心":"Asia/Taipei","Huwei Center":"Asia/Taipei","嘉义市":"Asia/Taipei","Chiayi City":"Asia/Taipei","嘉义县":"Asia/Taipei","Chiayi County":"Asia/Taipei","太保市":"Asia/Taipei","Taibao":"Asia/Taipei","太保市中心":"Asia/Taipei","Taibao Center":"Asia/Taipei","朴子市":"Asia/Taipei","Puzi":"Asia/Taipei","朴子市中心":"Asia/Taipei","Puzi Center":"Asia/Taipei","民雄乡":"Asia/Taipei","Minxiong":"Asia/Taipei","民雄乡中心":"Asia/Taipei","Minxiong Center":"Asia/Taipei","屏东县":"Asia/Taipei","Pingtung County":"Asia/Taipei","屏东市":"Asia/Taipei","Pingtung":"Asia/Taipei","屏东市中心":"Asia/Taipei","Pingtung Center":"Asia/Taipei","潮州镇":"Asia/Taipei","Chaozhou":"Asia/Taipei","潮州镇中心":"Asia/Taipei","Chaozhou Center":"Asia/Taipei","东港镇":"Asia/Taipei","Donggang":"Asia/Taipei","东港镇中心":"Asia/Taipei","Donggang Center":"Asia/Taipei","宜兰县":"Asia/Taipei","Yilan County":"Asia/Taipei","宜兰市":"Asia/Taipei","Yilan":"Asia/Taipei","宜兰市中心":"Asia/Taipei","Yilan Center":"Asia/Taipei","罗东镇":"Asia/Taipei","Luodong":"Asia/Taipei","罗东镇中心":"Asia/Taipei","Luodong Center":"Asia/Taipei","苏澳镇":"Asia/Taipei","Su'ao":"Asia/Taipei","苏澳镇中心":"Asia/Taipei","Su'ao Center":"Asia/Taipei","花莲县":"Asia/Taipei","Hualien County":"Asia/Taipei","花莲市":"Asia/Taipei","Hualien":"Asia/Taipei","花莲市中心":"Asia/Taipei","Hualien Center":"Asia/Taipei","光复乡":"Asia/Taipei","Guangfu":"Asia/Taipei","光复乡中心":"Asia/Taipei","Guangfu Center":"Asia/Taipei","凤林镇":"Asia/Taipei","Fenglin":"Asia/Taipei","凤林镇中心":"Asia/Taipei","Fenglin Center":"Asia/Taipei","台东县":"Asia/Taipei","Taitung County":"Asia/Taipei","台东市":"Asia/Taipei","Taitung":"Asia/Taipei","台东市中心":"Asia/Taipei","Taitung Center":"Asia/Taipei","成功镇":"Asia/Taipei","Chenggong":"Asia/Taipei","成功镇中心":"Asia/Taipei","Chenggong Center":"Asia/Taipei","关山镇":"Asia/Taipei","Guanshan":"Asia/Taipei","关山镇中心":"Asia/Taipei","Guanshan Center":"Asia/Taipei","澎湖县":"Asia/Taipei","Penghu County":"Asia/Taipei","马公市":"Asia/Taipei","Magong":"Asia/Taipei","马公市中心":"Asia/Taipei","Magong Center":"Asia/Taipei","白沙乡":"Asia/Taipei","Baisha":"Asia/Taipei","白沙乡中心":"Asia/Taipei","Baisha Center":"Asia/Taipei","西屿乡":"Asia/Taipei","Xiyu":"Asia/Taipei","西屿乡中心":"Asia/Taipei","Xiyu Center":"Asia/Taipei","金门县":"Asia/Taipei","Kinmen County":"Asia/Taipei","金城镇":"Asia/Taipei","Jincheng":"Asia/Taipei","金城镇中心":"Asia/Taipei","Jincheng Center":"Asia/Taipei","金湖镇":"Asia/Taipei","Jinhu":"Asia/Taipei","金湖镇中心":"Asia/Taipei","Jinhu Center":"Asia/Taipei","连江县":"Asia/Taipei","Lienchiang County":"Asia/Taipei","南竿乡":"Asia/Taipei","Nangan":"Asia/Taipei","南竿乡中心":"Asia/Taipei","Nangan Center":"Asia/Taipei","北竿乡":"Asia/Taipei","Beigan":"Asia/Taipei","北竿乡中心":"Asia/Taipei","Beigan Center":"Asia/Taipei","新加坡":"Asia/Singapore","Singapore":"Asia/Singapore","Central Region":"Asia/Singapore","市中心":"America/Mexico_City","Downtown Core":"Asia/Singapore","Downtown":"America/Mexico_City","滨海湾":"Asia/Singapore","Marina Bay":"Asia/Singapore","克拉码头":"Asia/Singapore","Clarke Quay":"Asia/Singapore","武吉知马":"Asia/Singapore","Bukit Timah":"Asia/Singapore","红山":"Asia/Singapore","Bukit Merah":"Asia/Singapore","大巴窑":"Asia/Singapore","Toa Payoh":"Asia/Singapore","女皇镇":"Asia/Singapore","Queenstown":"Asia/Singapore","诺维娜":"Asia/Singapore","Novena":"Asia/Singapore","芽笼":"Asia/Singapore","Geylang":"Asia/Singapore","加冷":"Asia/Singapore","Kallang":"Asia/Singapore","东北区":"Asia/Singapore","North-East Region":"Asia/Singapore","宏茂桥":"Asia/Singapore","Ang Mo Kio":"Asia/Singapore","后港":"Asia/Singapore","Hougang":"Asia/Singapore","榜鹅":"Asia/Singapore","Punggol":"Asia/Singapore","盛港":"Asia/Singapore","Sengkang":"Asia/Singapore","实龙岗":"Asia/Singapore","Serangoon":"Asia/Singapore","实里达":"Asia/Singapore","Seletar":"Asia/Singapore","西北区":"Asia/Singapore","North-West Region":"Asia/Singapore","兀兰":"Asia/Singapore","Woodlands":"Asia/Singapore","义顺":"Asia/Singapore","Yishun":"Asia/Singapore","三巴旺":"Asia/Singapore","Sembawang":"Asia/Singapore","蔡厝港":"Asia/Singapore","Choa Chu Kang":"Asia/Singapore","武吉班让":"Asia/Singapore","Bukit Panjang":"Asia/Singapore","裕廊西":"Asia/Singapore","Jurong West":"Asia/Singapore","东南区":"Asia/Singapore","South-East Region":"Asia/Singapore","勿洛":"Asia/Singapore","Bedok":"Asia/Singapore","白沙":"Asia/Singapore","Pasir Ris":"Asia/Singapore","淡滨尼":"Asia/Singapore","Tampines":"Asia/Singapore","马林百列":"Asia/Singapore","Marine Parade":"Asia/Singapore","西南区":"Asia/Singapore","South-West Region":"Asia/Singapore","裕廊东":"Asia/Singapore","Jurong East":"Asia/Singapore","武吉巴督":"Asia/Singapore","Bukit Batok":"Asia/Singapore","金文泰":"Asia/Singapore","Clementi":"Asia/Singapore","文礼":"Asia/Singapore","Boon Lay":"Asia/Singapore","波那维斯达":"Asia/Singapore","Buona Vista":"Asia/Singapore","马来西亚":"Asia/Kuala_Lumpur","Malaysia":"Asia/Kuala_Lumpur","柔佛":"Asia/Kuala_Lumpur","Johor":"Asia/Kuala_Lumpur","新山":"Asia/Kuala_Lumpur","Johor Bahru":"Asia/Kuala_Lumpur","依斯干达公主城":"Asia/Kuala_Lumpur","Iskandar Puteri":"Asia/Kuala_Lumpur","峇株巴辖":"Asia/Kuala_Lumpur","Batu Pahat":"Asia/Kuala_Lumpur","麻坡":"Asia/Kuala_Lumpur","Muar":"Asia/Kuala_Lumpur","吉打":"Asia/Kuala_Lumpur","Kedah":"Asia/Kuala_Lumpur","亚罗士打":"Asia/Kuala_Lumpur","Alor Setar":"Asia/Kuala_Lumpur","双溪大年":"Asia/Kuala_Lumpur","Sungai Petani":"Asia/Kuala_Lumpur","居林":"Asia/Kuala_Lumpur","Kulim":"Asia/Kuala_Lumpur","吉兰丹":"Asia/Kuala_Lumpur","Kelantan":"Asia/Kuala_Lumpur","哥打巴鲁":"Asia/Kuala_Lumpur","Kota Bharu":"Asia/Kuala_Lumpur","巴西马":"Asia/Kuala_Lumpur","Pasir Mas":"Asia/Kuala_Lumpur","丹那美拉":"Asia/Kuala_Lumpur","Tanah Merah":"Asia/Kuala_Lumpur","马六甲":"Asia/Kuala_Lumpur","Malacca":"Asia/Kuala_Lumpur","马六甲市":"Asia/Kuala_Lumpur","Malacca City":"Asia/Kuala_Lumpur","亚罗牙也":"Asia/Kuala_Lumpur","Alor Gajah":"Asia/Kuala_Lumpur","野新":"Asia/Kuala_Lumpur","Jasin":"Asia/Kuala_Lumpur","森美兰":"Asia/Kuala_Lumpur","Negeri Sembilan":"Asia/Kuala_Lumpur","芙蓉":"Asia/Kuala_Lumpur","Seremban":"Asia/Kuala_Lumpur","波德申":"Asia/Kuala_Lumpur","Port Dickson":"Asia/Kuala_Lumpur","淡边":"Asia/Kuala_Lumpur","Tampin":"Asia/Kuala_Lumpur","彭亨":"Asia/Kuala_Lumpur","Pahang":"Asia/Kuala_Lumpur","关丹":"Asia/Kuala_Lumpur","Kuantan":"Asia/Kuala_Lumpur","文冬":"Asia/Kuala_Lumpur","Bentong":"Asia/Kuala_Lumpur","劳勿":"Asia/Kuala_Lumpur","Raub":"Asia/Kuala_Lumpur","云顶":"Asia/Kuala_Lumpur","Genting Highlands":"Asia/Kuala_Lumpur","霹雳":"Asia/Kuala_Lumpur","Perak":"Asia/Kuala_Lumpur","怡保":"Asia/Kuala_Lumpur","Ipoh":"Asia/Kuala_Lumpur","太平":"Asia/Kuala_Lumpur","金宝":"Asia/Kuala_Lumpur","Kampar":"Asia/Kuala_Lumpur","实兆远":"Asia/Kuala_Lumpur","Sitiawan":"Asia/Kuala_Lumpur","玻璃市":"Asia/Kuala_Lumpur","Perlis":"Asia/Kuala_Lumpur","加央":"Asia/Kuala_Lumpur","Kangar":"Asia/Kuala_Lumpur","加基武吉":"Asia/Kuala_Lumpur","Kaki Bukit":"Asia/Kuala_Lumpur","槟城":"Asia/Kuala_Lumpur","Penang":"Asia/Kuala_Lumpur","乔治市":"Asia/Kuala_Lumpur","George Town":"Asia/Kuala_Lumpur","峇六拜":"Asia/Kuala_Lumpur","Bayan Lepas":"Asia/Kuala_Lumpur","大山脚":"Asia/Kuala_Lumpur","Bukit Mertajam":"Asia/Kuala_Lumpur","北海":"Asia/Kuala_Lumpur","Butterworth":"Asia/Kuala_Lumpur","沙巴":"Asia/Kuala_Lumpur","Sabah":"Asia/Kuala_Lumpur","亚庇":"Asia/Kuala_Lumpur","Kota Kinabalu":"Asia/Kuala_Lumpur","山打根":"Asia/Kuala_Lumpur","Sandakan":"Asia/Kuala_Lumpur","斗湖":"Asia/Kuala_Lumpur","Tawau":"Asia/Kuala_Lumpur","斗湖中心":"Asia/Kuala_Lumpur","Tawau Center":"Asia/Kuala_Lumpur","拿笃":"Asia/Kuala_Lumpur","Lahad Datu":"Asia/Kuala_Lumpur","砂拉越":"Asia/Kuala_Lumpur","Sarawak":"Asia/Kuala_Lumpur","古晋":"Asia/Kuala_Lumpur","Kuching":"Asia/Kuala_Lumpur","美里":"Asia/Kuala_Lumpur","Miri":"Asia/Kuala_Lumpur","诗巫":"Asia/Kuala_Lumpur","Sibu":"Asia/Kuala_Lumpur","民都鲁":"Asia/Kuala_Lumpur","Bintulu":"Asia/Kuala_Lumpur","雪兰莪":"Asia/Kuala_Lumpur","Selangor":"Asia/Kuala_Lumpur","莎阿南":"Asia/Kuala_Lumpur","Shah Alam":"Asia/Kuala_Lumpur","八打灵再也":"Asia/Kuala_Lumpur","Petaling Jaya":"Asia/Kuala_Lumpur","巴生":"Asia/Kuala_Lumpur","Klang":"Asia/Kuala_Lumpur","梳邦再也":"Asia/Kuala_Lumpur","Subang Jaya":"Asia/Kuala_Lumpur","加影":"Asia/Kuala_Lumpur","Kajang":"Asia/Kuala_Lumpur","登嘉楼":"Asia/Kuala_Lumpur","Terengganu":"Asia/Kuala_Lumpur","瓜拉登嘉楼":"Asia/Kuala_Lumpur","Kuala Terengganu":"Asia/Kuala_Lumpur","甘马挽":"Asia/Kuala_Lumpur","Kemaman":"Asia/Kuala_Lumpur","龙运":"Asia/Kuala_Lumpur","Dungun":"Asia/Kuala_Lumpur","吉隆坡":"Asia/Kuala_Lumpur","Kuala Lumpur":"Asia/Kuala_Lumpur","纳闽":"Asia/Kuala_Lumpur","Labuan":"Asia/Kuala_Lumpur","布城":"Asia/Kuala_Lumpur","Putrajaya":"Asia/Kuala_Lumpur","泰国":"Asia/Bangkok","Thailand":"Asia/Bangkok","曼谷":"Asia/Bangkok","Bangkok":"Asia/Bangkok","暹罗":"Asia/Bangkok","Siam":"Asia/Bangkok","素坤逸":"Asia/Bangkok","Sukhumvit":"Asia/Bangkok","是隆":"Asia/Bangkok","Silom":"Asia/Bangkok","考山路":"Asia/Bangkok","Khao San Road":"Asia/Bangkok","北榄府":"Asia/Bangkok","Samut Prakan":"Asia/Bangkok","北榄":"Asia/Bangkok","挽功":"Asia/Bangkok","Bang Bo":"Asia/Bangkok","挽披":"Asia/Bangkok","Bang Phli":"Asia/Bangkok","暖武里府":"Asia/Bangkok","Nonthaburi":"Asia/Bangkok","暖武里":"Asia/Bangkok","巴革":"Asia/Bangkok","Pak Kret":"Asia/Bangkok","邦通":"Asia/Bangkok","Bang Bua Thong":"Asia/Bangkok","巴吞他尼府":"Asia/Bangkok","Pathum Thani":"Asia/Bangkok","巴吞他尼":"Asia/Bangkok","兰实":"Asia/Bangkok","Rangsit":"Asia/Bangkok","空銮":"Asia/Bangkok","Khlong Luang":"Asia/Bangkok","大城府":"Asia/Bangkok","Phra Nakhon Si Ayutthaya":"Asia/Bangkok","大城":"Asia/Bangkok","Ayutthaya":"Asia/Bangkok","邦巴因":"Asia/Bangkok","Bang Pa-in":"Asia/Bangkok","邦赛":"Asia/Bangkok","Bang Sai":"Asia/Bangkok","清迈府":"Asia/Bangkok","Chiang Mai":"Asia/Bangkok","清迈":"Asia/Bangkok","湄宏顺":"Asia/Bangkok","Mae Hong Son":"Asia/Bangkok","清莱":"Asia/Bangkok","Chiang Rai":"Asia/Bangkok","南奔府":"Asia/Bangkok","Lamphun":"Asia/Bangkok","南奔":"Asia/Bangkok","班通":"Asia/Bangkok","Ban Thung":"Asia/Bangkok","南邦府":"Asia/Bangkok","Lampang":"Asia/Bangkok","南邦":"Asia/Bangkok","空卡":"Asia/Bangkok","Kho Kha":"Asia/Bangkok","清莱府":"Asia/Bangkok","美塞":"Asia/Bangkok","Mae Sai":"Asia/Bangkok","清盛":"Asia/Bangkok","Chiang Saen":"Asia/Bangkok","普吉府":"Asia/Bangkok","Phuket":"Asia/Bangkok","普吉":"Asia/Bangkok","芭东":"Asia/Bangkok","Patong":"Asia/Bangkok","卡塔":"Asia/Bangkok","Kata":"Asia/Bangkok","卡伦":"Asia/Bangkok","Karon":"Asia/Bangkok","宋卡府":"Asia/Bangkok","Songkhla":"Asia/Bangkok","宋卡":"Asia/Bangkok","合艾":"Asia/Bangkok","Hat Yai":"Asia/Bangkok","沙道":"Asia/Bangkok","Sadao":"Asia/Bangkok","春武里府":"Asia/Bangkok","Chon Buri":"Asia/Bangkok","春武里":"Asia/Bangkok","芭提雅":"Asia/Bangkok","Pattaya":"Asia/Bangkok","是拉差":"Asia/Bangkok","Si Racha":"Asia/Bangkok","罗勇府":"Asia/Bangkok","Rayong":"Asia/Bangkok","罗勇":"Asia/Bangkok","班配":"Asia/Bangkok","Ban Phe":"Asia/Bangkok","孔敬府":"Asia/Bangkok","Khon Kaen":"Asia/Bangkok","孔敬":"Asia/Bangkok","班农":"Asia/Bangkok","Ban Non":"Asia/Bangkok","呵叻府":"Asia/Bangkok","Nakhon Ratchasima":"Asia/Bangkok","呵叻":"Asia/Bangkok","巴冲":"Asia/Bangkok","Pak Chong":"Asia/Bangkok","越南":"Asia/Ho_Chi_Minh","Vietnam":"Asia/Ho_Chi_Minh","河内":"Asia/Ho_Chi_Minh","Hanoi":"Asia/Ho_Chi_Minh","海防":"Asia/Ho_Chi_Minh","Hai Duong":"Asia/Ho_Chi_Minh","胡志明市":"Asia/Ho_Chi_Minh","Ho Chi Minh City":"Asia/Ho_Chi_Minh","第一郡":"Asia/Ho_Chi_Minh","District 1":"Asia/Ho_Chi_Minh","第三郡":"Asia/Ho_Chi_Minh","District 3":"Asia/Ho_Chi_Minh","滨城市场":"Asia/Ho_Chi_Minh","Ben Thanh Market":"Asia/Ho_Chi_Minh","第七郡":"Asia/Ho_Chi_Minh","District 7":"Asia/Ho_Chi_Minh","Hai Phong":"Asia/Ho_Chi_Minh","涂山":"Asia/Ho_Chi_Minh","Do Son":"Asia/Ho_Chi_Minh","岘港":"Asia/Ho_Chi_Minh","Da Nang":"Asia/Ho_Chi_Minh","海洲":"Asia/Ho_Chi_Minh","Hai Chau":"Asia/Ho_Chi_Minh","芹苴":"Asia/Ho_Chi_Minh","Can Tho":"Asia/Ho_Chi_Minh","广宁":"Asia/Ho_Chi_Minh","Quang Ninh":"Asia/Ho_Chi_Minh","下龙":"Asia/Ho_Chi_Minh","Ha Long":"Asia/Ho_Chi_Minh","芒街":"Asia/Ho_Chi_Minh","Mong Cai":"Asia/Ho_Chi_Minh","承天顺化":"Asia/Ho_Chi_Minh","Thua Thien Hue":"Asia/Ho_Chi_Minh","顺化":"Asia/Ho_Chi_Minh","Hue":"Asia/Ho_Chi_Minh","庆和":"Asia/Ho_Chi_Minh","Khanh Hoa":"Asia/Ho_Chi_Minh","芽庄":"Asia/Ho_Chi_Minh","Nha Trang":"Asia/Ho_Chi_Minh","平阳":"Asia/Ho_Chi_Minh","Binh Duong":"Asia/Ho_Chi_Minh","土龙木":"Asia/Ho_Chi_Minh","Thu Dau Mot":"Asia/Ho_Chi_Minh","同奈":"Asia/Ho_Chi_Minh","Dong Nai":"Asia/Ho_Chi_Minh","边和":"Asia/Ho_Chi_Minh","Bien Hoa":"Asia/Ho_Chi_Minh","林同":"Asia/Ho_Chi_Minh","Lam Dong":"Asia/Ho_Chi_Minh","大叻":"Asia/Ho_Chi_Minh","Da Lat":"Asia/Ho_Chi_Minh","印度尼西亚":"Asia/Jakarta","Indonesia":"Asia/Jakarta","雅加达":"Asia/Jakarta","Jakarta":"Asia/Jakarta","中雅加达":"Asia/Jakarta","Central Jakarta":"Asia/Jakarta","北雅加达":"Asia/Jakarta","North Jakarta":"Asia/Jakarta","南雅加达":"Asia/Jakarta","South Jakarta":"Asia/Jakarta","西爪哇":"Asia/Jakarta","West Java":"Asia/Jakarta","万隆":"Asia/Jakarta","Bandung":"Asia/Jakarta","茂物":"Asia/Jakarta","Bogor":"Asia/Jakarta","勿加泗":"Asia/Jakarta","Bekasi":"Asia/Jakarta","中爪哇":"Asia/Jakarta","Central Java":"Asia/Jakarta","三宝垄":"Asia/Jakarta","Semarang":"Asia/Jakarta","梭罗":"Asia/Jakarta","Solo":"Asia/Jakarta","东爪哇":"Asia/Jakarta","East Java":"Asia/Jakarta","泗水":"Asia/Jakarta","Surabaya":"Asia/Jakarta","玛琅":"Asia/Jakarta","Malang":"Asia/Jakarta","日惹":"Asia/Jakarta","Yogyakarta":"Asia/Jakarta","巴厘":"Asia/Jakarta","Bali":"Asia/Jakarta","登巴萨":"Asia/Jakarta","Denpasar":"Asia/Jakarta","库塔":"Asia/Jakarta","Kuta":"Asia/Jakarta","乌布":"Asia/Jakarta","Ubud":"Asia/Jakarta","北苏门答腊":"Asia/Jakarta","North Sumatra":"Asia/Jakarta","棉兰":"Asia/Jakarta","Medan":"Asia/Jakarta","廖内":"Asia/Jakarta","Riau":"Asia/Jakarta","北干巴鲁":"Asia/Jakarta","Pekanbaru":"Asia/Jakarta","南加里曼丹":"Asia/Jakarta","South Kalimantan":"Asia/Jakarta","马辰":"Asia/Jakarta","Banjarmasin":"Asia/Jakarta","北苏拉威西":"Asia/Jakarta","North Sulawesi":"Asia/Jakarta","万鸦老":"Asia/Jakarta","Manado":"Asia/Jakarta","巴布亚":"Asia/Jakarta","Papua":"Asia/Jakarta","查亚普拉":"Asia/Jakarta","Jayapura":"Asia/Jakarta","菲律宾":"Asia/Manila","Philippines":"Asia/Manila","马尼拉大都会":"Asia/Manila","Metro Manila":"Asia/Manila","马尼拉":"Asia/Manila","Manila":"Asia/Manila","因特拉穆罗斯":"Asia/Manila","Intramuros":"Asia/Manila","奎松市":"Asia/Manila","Quezon City":"Asia/Manila","马卡蒂":"Asia/Manila","Makati":"Asia/Manila","帕西格":"Asia/Manila","Pasig":"Asia/Manila","中吕宋":"Asia/Manila","Central Luzon":"Asia/Manila","安赫莱斯":"Asia/Manila","Angeles":"Asia/Manila","圣费尔南多":"Asia/Manila","San Fernando":"Asia/Manila","甲拉巴松":"Asia/Manila","Calabarzon":"Asia/Manila","卡兰巴":"Asia/Manila","Calamba":"Asia/Manila","圣罗莎":"Asia/Manila","Santa Rosa":"Asia/Manila","比科尔":"Asia/Manila","Bicol Region":"Asia/Manila","那牙":"Asia/Manila","Naga":"Asia/Manila","黎牙实比":"Asia/Manila","Legazpi":"Asia/Manila","西米沙鄢":"Asia/Manila","Western Visayas":"Asia/Manila","伊洛伊洛":"Asia/Manila","Iloilo City":"Asia/Manila","巴科洛德":"Asia/Manila","Bacolod":"Asia/Manila","中米沙鄢":"Asia/Manila","Central Visayas":"Asia/Manila","宿务市":"Asia/Manila","Cebu City":"Asia/Manila","曼达维":"Asia/Manila","Mandaue":"Asia/Manila","拉普拉普":"Asia/Manila","Lapu-Lapu":"Asia/Manila","达沃区":"Asia/Manila","Davao Region":"Asia/Manila","达沃市":"Asia/Manila","Davao City":"Asia/Manila","达沃德尔苏尔":"Asia/Manila","Davao del Sur":"Asia/Manila","缅甸":"Asia/Yangon","Myanmar":"Asia/Yangon","仰光省":"Asia/Yangon","Yangon Region":"Asia/Yangon","仰光":"Asia/Yangon","Yangon":"Asia/Yangon","东枝":"Asia/Yangon","Taunggyi":"Asia/Yangon","曼德勒省":"Asia/Yangon","Mandalay Region":"Asia/Yangon","曼德勒":"Asia/Yangon","Mandalay":"Asia/Yangon","密铁拉":"Asia/Yangon","Meiktila":"Asia/Yangon","内比都联邦区":"Asia/Yangon","Naypyidaw Union Territory":"Asia/Yangon","内比都":"Asia/Yangon","Naypyidaw":"Asia/Yangon","伊洛瓦底省":"Asia/Yangon","Ayeyarwady Region":"Asia/Yangon","勃生":"Asia/Yangon","Pathein":"Asia/Yangon","勃固省":"Asia/Yangon","Bago Region":"Asia/Yangon","勃固":"Asia/Yangon","Bago":"Asia/Yangon","实皆省":"Asia/Yangon","Sagaing Region":"Asia/Yangon","实皆":"Asia/Yangon","Sagaing":"Asia/Yangon","克钦邦":"Asia/Yangon","Kachin State":"Asia/Yangon","密支那":"Asia/Yangon","Myitkyina":"Asia/Yangon","掸邦":"Asia/Yangon","Shan State":"Asia/Yangon","腊戍":"Asia/Yangon","Lashio":"Asia/Yangon","柬埔寨":"Asia/Phnom_Penh","Cambodia":"Asia/Phnom_Penh","金边":"Asia/Phnom_Penh","Phnom Penh":"Asia/Phnom_Penh","暹粒省":"Asia/Phnom_Penh","Siem Reap":"Asia/Phnom_Penh","暹粒":"Asia/Phnom_Penh","西哈努克省":"Asia/Phnom_Penh","Preah Sihanouk":"Asia/Phnom_Penh","西哈努克市":"Asia/Phnom_Penh","Sihanoukville":"Asia/Phnom_Penh","马德望省":"Asia/Phnom_Penh","Battambang":"Asia/Phnom_Penh","马德望":"Asia/Phnom_Penh","贡布省":"Asia/Phnom_Penh","Kampot":"Asia/Phnom_Penh","贡布":"Asia/Phnom_Penh","老挝":"Asia/Vientiane","Laos":"Asia/Vientiane","万象":"Asia/Vientiane","Vientiane":"Asia/Vientiane","琅勃拉邦省":"Asia/Vientiane","Luang Prabang":"Asia/Vientiane","琅勃拉邦":"Asia/Vientiane","沙湾拿吉省":"Asia/Vientiane","Savannakhet":"Asia/Vientiane","沙湾拿吉":"Asia/Vientiane","占巴塞省":"Asia/Vientiane","Champasak":"Asia/Vientiane","巴色":"Asia/Vientiane","Pakse":"Asia/Vientiane","文莱":"Asia/Brunei","Brunei":"Asia/Brunei","文莱-穆阿拉区":"Asia/Brunei","Brunei-Muara":"Asia/Brunei","斯里巴加湾市":"Asia/Brunei","Bandar Seri Begawan":"Asia/Brunei","穆阿拉":"Asia/Brunei","Muara":"Asia/Brunei","马来奕区":"Asia/Brunei","Belait":"Asia/Brunei","马来奕":"Asia/Brunei","Kuala Belait":"Asia/Brunei","诗里亚":"Asia/Brunei","Seria":"Asia/Brunei","都东区":"Asia/Brunei","Tutong":"Asia/Brunei","都东":"Asia/Brunei","淡布隆区":"Asia/Brunei","Temburong":"Asia/Brunei","邦阿":"Asia/Brunei","Bangar":"Asia/Brunei","美国":"America/New_York","United States":"America/New_York","阿拉巴马州":"America/New_York","Alabama":"America/New_York","阿拉斯加州":"America/New_York","Alaska":"America/New_York","亚利桑那州":"America/New_York","Arizona":"America/New_York","阿肯色州":"America/New_York","Arkansas":"America/New_York","加利福尼亚州":"America/New_York","California":"America/New_York","科罗拉多州":"America/New_York","Colorado":"America/New_York","康涅狄格州":"America/New_York","Connecticut":"America/New_York","特拉华州":"America/New_York","Delaware":"America/New_York","佛罗里达州":"America/New_York","Florida":"America/New_York","乔治亚州":"America/New_York","Georgia":"America/New_York","夏威夷州":"America/New_York","Hawaii":"America/New_York","爱达荷州":"America/New_York","Idaho":"America/New_York","伊利诺伊州":"America/New_York","Illinois":"America/New_York","印第安纳州":"America/New_York","Indiana":"America/New_York","艾奥瓦州":"America/New_York","Iowa":"America/New_York","堪萨斯州":"America/New_York","Kansas":"America/New_York","肯塔基州":"America/New_York","Kentucky":"America/New_York","路易斯安那州":"America/New_York","Louisiana":"America/New_York","缅因州":"America/New_York","Maine":"America/New_York","马里兰州":"America/New_York","Maryland":"America/New_York","马萨诸塞州":"America/New_York","Massachusetts":"America/New_York","密歇根州":"America/New_York","Michigan":"America/New_York","明尼苏达州":"America/New_York","Minnesota":"America/New_York","密西西比州":"America/New_York","Mississippi":"America/New_York","密苏里州":"America/New_York","Missouri":"America/New_York","蒙大拿州":"America/New_York","Montana":"America/New_York","内布拉斯加州":"America/New_York","Nebraska":"America/New_York","内华达州":"America/New_York","Nevada":"America/New_York","新罕布什尔州":"America/New_York","New Hampshire":"America/New_York","新泽西州":"America/New_York","New Jersey":"America/New_York","新墨西哥州":"America/New_York","New Mexico":"America/New_York","纽约州":"America/New_York","New York":"America/New_York","北卡罗来纳州":"America/New_York","North Carolina":"America/New_York","北达科他州":"America/New_York","North Dakota":"America/New_York","俄亥俄州":"America/New_York","Ohio":"America/New_York","俄克拉荷马州":"America/New_York","Oklahoma":"America/New_York","俄勒冈州":"America/New_York","Oregon":"America/New_York","宾夕法尼亚州":"America/New_York","Pennsylvania":"America/New_York","罗德岛州":"America/New_York","Rhode Island":"America/New_York","南卡罗来纳州":"America/New_York","South Carolina":"America/New_York","南达科他州":"America/New_York","South Dakota":"America/New_York","田纳西州":"America/New_York","Tennessee":"America/New_York","得克萨斯州":"America/New_York","Texas":"America/New_York","犹他州":"America/New_York","Utah":"America/New_York","佛蒙特州":"America/New_York","Vermont":"America/New_York","弗吉尼亚州":"America/New_York","Virginia":"America/New_York","华盛顿州":"America/New_York","Washington":"America/New_York","西弗吉尼亚州":"America/New_York","West Virginia":"America/New_York","威斯康星州":"America/New_York","Wisconsin":"America/New_York","怀俄明州":"America/New_York","Wyoming":"America/New_York","华盛顿特区":"America/New_York","Washington D.C.":"America/New_York","华盛顿":"America/New_York","波多黎各":"America/New_York","Puerto Rico":"America/New_York","圣胡安":"America/New_York","San Juan":"America/New_York","关岛":"America/New_York","Guam":"America/New_York","哈加特纳":"America/New_York","Hagåtña":"America/New_York","美属维尔京群岛":"America/New_York","U.S. Virgin Islands":"America/New_York","夏洛特阿马利亚":"America/New_York","Charlotte Amalie":"America/New_York","加拿大":"America/Toronto","Canada":"America/Toronto","艾伯塔省":"America/Toronto","Alberta":"America/Toronto","不列颠哥伦比亚省":"America/Toronto","British Columbia":"America/Toronto","马尼托巴省":"America/Toronto","Manitoba":"America/Toronto","新不伦瑞克省":"America/Toronto","New Brunswick":"America/Toronto","纽芬兰与拉布拉多省":"America/Toronto","Newfoundland and Labrador":"America/Toronto","新斯科舍省":"America/Toronto","Nova Scotia":"America/Toronto","西北地区":"America/Toronto","Northwest Territories":"America/Toronto","努纳武特地区":"America/Toronto","Nunavut":"America/Toronto","安大略省":"America/Toronto","Ontario":"America/Toronto","爱德华王子岛省":"America/Toronto","Prince Edward Island":"America/Toronto","魁北克省":"America/Toronto","Quebec":"America/Toronto","萨斯喀彻温省":"America/Toronto","Saskatchewan":"America/Toronto","育空地区":"America/Toronto","Yukon":"America/Toronto","墨西哥":"America/Mexico_City","Mexico":"America/Mexico_City","墨西哥城":"America/Mexico_City","Mexico City":"America/Mexico_City","哈利斯科州":"America/Mexico_City","Jalisco":"America/Mexico_City","瓜达拉哈拉":"America/Mexico_City","Guadalajara":"America/Mexico_City","巴亚尔塔港":"America/Mexico_City","Puerto Vallarta":"America/Mexico_City","新莱昂州":"America/Mexico_City","Nuevo León":"America/Mexico_City","蒙特雷":"America/Mexico_City","Monterrey":"America/Mexico_City","圣尼古拉斯":"America/Mexico_City","San Nicolás":"America/Mexico_City","下加利福尼亚州":"America/Mexico_City","Baja California":"America/Mexico_City","蒂华纳":"America/Mexico_City","Tijuana":"America/Mexico_City","墨西卡利":"America/Mexico_City","Mexicali":"America/Mexico_City","金塔纳罗奥州":"America/Mexico_City","Quintana Roo":"America/Mexico_City","坎昆":"America/Mexico_City","Cancún":"America/Mexico_City","普拉亚德尔卡门":"America/Mexico_City","Playa del Carmen":"America/Mexico_City","尤卡坦州":"America/Mexico_City","Yucatán":"America/Mexico_City","梅里达":"America/Mexico_City","Mérida":"America/Mexico_City","普埃布拉州":"America/Mexico_City","Puebla":"America/Mexico_City","普埃布拉":"America/Mexico_City","瓜纳华托州":"America/Mexico_City","Guanajuato":"America/Mexico_City","瓜纳华托":"America/Mexico_City","莱昂":"America/Mexico_City","León":"America/Mexico_City","韦拉克鲁斯州":"America/Mexico_City","Veracruz":"America/Mexico_City","韦拉克鲁斯":"America/Mexico_City","哈拉帕":"America/Mexico_City","Xalapa":"America/Mexico_City","瓦哈卡州":"America/Mexico_City","Oaxaca":"America/Mexico_City","瓦哈卡":"America/Mexico_City"}